-- phpMyAdmin SQL Dump
-- version 5.2.1
-- https://www.phpmyadmin.net/
--
-- Host: 127.0.0.1
-- Generation Time: Nov 30, 2023 at 02:29 PM
-- Server version: 10.4.28-MariaDB
-- PHP Version: 8.2.4

SET SQL_MODE = "NO_AUTO_VALUE_ON_ZERO";
START TRANSACTION;
SET time_zone = "+00:00";


/*!40101 SET @OLD_CHARACTER_SET_CLIENT=@@CHARACTER_SET_CLIENT */;
/*!40101 SET @OLD_CHARACTER_SET_RESULTS=@@CHARACTER_SET_RESULTS */;
/*!40101 SET @OLD_COLLATION_CONNECTION=@@COLLATION_CONNECTION */;
/*!40101 SET NAMES utf8mb4 */;

--
-- Database: `inventory_system`
--

-- --------------------------------------------------------

--
-- Table structure for table `bins`
--

CREATE TABLE `bins` (
  `id` int(11) NOT NULL,
  `name` varchar(255) NOT NULL,
  `latitude` double NOT NULL,
  `longitude` double NOT NULL
) ENGINE=InnoDB DEFAULT CHARSET=utf8mb4 COLLATE=utf8mb4_general_ci;

--
-- Dumping data for table `bins`
--

INSERT INTO `bins` (`id`, `name`, `latitude`, `longitude`) VALUES
(4, 'Bin 4', 18.196, 120.5927);

-- --------------------------------------------------------

--
-- Table structure for table `categories`
--

CREATE TABLE `categories` (
  `id` int(11) UNSIGNED NOT NULL,
  `name` varchar(60) NOT NULL
) ENGINE=InnoDB DEFAULT CHARSET=utf8 COLLATE=utf8_general_ci;

--
-- Dumping data for table `categories`
--

INSERT INTO `categories` (`id`, `name`) VALUES
(1, 'Demo Category'),
(3, 'Finished Goods'),
(5, 'Machinery'),
(4, 'Packing Materials'),
(2, 'Raw Materials'),
(8, 'Stationery Items'),
(6, 'Work in Progress');

-- --------------------------------------------------------

--
-- Table structure for table `media`
--

CREATE TABLE `media` (
  `id` int(11) UNSIGNED NOT NULL,
  `file_name` varchar(255) NOT NULL,
  `file_type` varchar(100) NOT NULL
) ENGINE=InnoDB DEFAULT CHARSET=latin1 COLLATE=latin1_swedish_ci;

-- --------------------------------------------------------

--
-- Table structure for table `products`
--

CREATE TABLE `products` (
  `id` int(11) UNSIGNED NOT NULL,
  `name` varchar(255) NOT NULL,
  `quantity` varchar(50) DEFAULT NULL,
  `buy_price` decimal(25,2) DEFAULT NULL,
  `sale_price` decimal(25,2) NOT NULL,
  `categorie_id` int(11) UNSIGNED NOT NULL,
  `media_id` int(11) DEFAULT 0,
  `date` datetime NOT NULL
) ENGINE=InnoDB DEFAULT CHARSET=utf8 COLLATE=utf8_general_ci;

--
-- Dumping data for table `products`
--

INSERT INTO `products` (`id`, `name`, `quantity`, `buy_price`, `sale_price`, `categorie_id`, `media_id`, `date`) VALUES
(1, 'Demo Product', '48', 100.00, 500.00, 1, 0, '2021-04-04 16:45:51'),
(2, 'Box Varieties', '12000', 55.00, 130.00, 4, 0, '2021-04-04 18:44:52'),
(3, 'Wheat', '69', 2.00, 5.00, 2, 0, '2021-04-04 18:48:53'),
(4, 'Timber', '1200', 780.00, 1069.00, 2, 0, '2021-04-04 19:03:23'),
(5, 'W1848 Oscillating Floor Drill Press', '26', 299.00, 494.00, 5, 0, '2021-04-04 19:11:30'),
(6, 'Portable Band Saw XBP02Z', '42', 280.00, 415.00, 5, 0, '2021-04-04 19:13:35'),
(7, 'Life Breakfast Cereal-3 Pk', '107', 3.00, 7.00, 3, 0, '2021-04-04 19:15:38'),
(8, 'Chicken of the Sea Sardines W', '110', 13.00, 20.00, 3, 0, '2021-04-04 19:17:11'),
(9, 'Disney Woody - Action Figure', '67', 29.00, 55.00, 3, 0, '2021-04-04 19:19:20'),
(10, 'Hasbro Marvel Legends Series Toys', '106', 219.00, 322.00, 3, 0, '2021-04-04 19:20:28'),
(11, 'Packing Chips', '78', 21.00, 31.00, 4, 0, '2021-04-04 19:25:22'),
(12, 'Classic Desktop Tape Dispenser 38', '160', 5.00, 10.00, 8, 0, '2021-04-04 19:48:01'),
(13, 'Small Bubble Cushioning Wrap', '199', 8.00, 19.00, 4, 0, '2021-04-04 19:49:00');

-- --------------------------------------------------------

--
-- Table structure for table `routes`
--

CREATE TABLE `routes` (
  `id` int(11) NOT NULL,
  `name` varchar(255) NOT NULL,
  `start_latitude` double NOT NULL,
  `start_longitude` double NOT NULL,
  `end_latitude` double NOT NULL,
  `end_longitude` double NOT NULL
) ENGINE=InnoDB DEFAULT CHARSET=utf8mb4 COLLATE=utf8mb4_general_ci;

--
-- Dumping data for table `routes`
--

INSERT INTO `routes` (`id`, `name`, `start_latitude`, `start_longitude`, `end_latitude`, `end_longitude`) VALUES
(1, 'Route1', 18.1973534, 120.5900443, 18.1973534, 120.5900443),
(2, 'Route1', 18.1973534, 120.5900443, 18.1973534, 120.5900443),
(3, 'Route1', 18.1973534, 120.5900443, 18.1973378, 120.5926264),
(4, 'Route 2', 18, 121, 21, 126);

-- --------------------------------------------------------

--
-- Table structure for table `sales`
--

CREATE TABLE `sales` (
  `id` int(11) UNSIGNED NOT NULL,
  `product_id` int(11) UNSIGNED NOT NULL,
  `qty` int(11) NOT NULL,
  `price` decimal(25,2) NOT NULL,
  `date` date NOT NULL
) ENGINE=InnoDB DEFAULT CHARSET=utf8 COLLATE=utf8_general_ci;

--
-- Dumping data for table `sales`
--

INSERT INTO `sales` (`id`, `product_id`, `qty`, `price`, `date`) VALUES
(1, 1, 2, 1000.00, '2021-04-04'),
(2, 3, 3, 15.00, '2021-04-04'),
(3, 10, 6, 1932.00, '2021-04-04'),
(4, 6, 2, 830.00, '2021-04-04'),
(5, 12, 5, 50.00, '2021-04-04'),
(6, 13, 21, 399.00, '2021-04-04'),
(7, 7, 5, 35.00, '2021-04-04'),
(8, 9, 2, 110.00, '2021-04-04');

-- --------------------------------------------------------

--
-- Table structure for table `users`
--

CREATE TABLE `users` (
  `id` int(11) UNSIGNED NOT NULL,
  `name` varchar(60) NOT NULL,
  `username` varchar(50) NOT NULL,
  `password` varchar(255) NOT NULL,
  `user_level` int(11) NOT NULL,
  `image` varchar(255) DEFAULT 'no_image.jpg',
  `status` int(1) NOT NULL,
  `last_login` datetime DEFAULT NULL
) ENGINE=InnoDB DEFAULT CHARSET=latin1 COLLATE=latin1_swedish_ci;

--
-- Dumping data for table `users`
--

INSERT INTO `users` (`id`, `name`, `username`, `password`, `user_level`, `image`, `status`, `last_login`) VALUES
(1, 'Joshua', 'admin', 'd033e22ae348aeb5660fc2140aec35850c4da997', 1, 'no_image.png', 1, '2023-11-30 14:25:20'),
(2, 'Christian', 'Special', 'ba36b97a41e7faf742ab09bf88405ac04f99599a', 2, 'no_image.png', 1, '2023-11-30 14:18:42'),
(3, 'Alex', 'User', '12dea96fec20593566ab75692c9949596833adc9', 3, 'no_image.png', 1, '2023-11-30 14:18:51');

-- --------------------------------------------------------

--
-- Table structure for table `user_groups`
--

CREATE TABLE `user_groups` (
  `id` int(11) NOT NULL,
  `group_name` varchar(150) NOT NULL,
  `group_level` int(11) NOT NULL,
  `group_status` int(1) NOT NULL
) ENGINE=InnoDB DEFAULT CHARSET=latin1 COLLATE=latin1_swedish_ci;

--
-- Dumping data for table `user_groups`
--

INSERT INTO `user_groups` (`id`, `group_name`, `group_level`, `group_status`) VALUES
(1, 'Admin', 1, 1),
(2, 'Driver', 2, 1),
(3, 'User', 3, 1);

--
-- Indexes for dumped tables
--

--
-- Indexes for table `bins`
--
ALTER TABLE `bins`
  ADD PRIMARY KEY (`id`);

--
-- Indexes for table `categories`
--
ALTER TABLE `categories`
  ADD PRIMARY KEY (`id`),
  ADD UNIQUE KEY `name` (`name`);

--
-- Indexes for table `media`
--
ALTER TABLE `media`
  ADD PRIMARY KEY (`id`),
  ADD KEY `id` (`id`);

--
-- Indexes for table `products`
--
ALTER TABLE `products`
  ADD PRIMARY KEY (`id`),
  ADD UNIQUE KEY `name` (`name`),
  ADD KEY `categorie_id` (`categorie_id`),
  ADD KEY `media_id` (`media_id`);

--
-- Indexes for table `routes`
--
ALTER TABLE `routes`
  ADD PRIMARY KEY (`id`);

--
-- Indexes for table `sales`
--
ALTER TABLE `sales`
  ADD PRIMARY KEY (`id`),
  ADD KEY `product_id` (`product_id`);

--
-- Indexes for table `users`
--
ALTER TABLE `users`
  ADD PRIMARY KEY (`id`),
  ADD KEY `user_level` (`user_level`);

--
-- Indexes for table `user_groups`
--
ALTER TABLE `user_groups`
  ADD PRIMARY KEY (`id`),
  ADD UNIQUE KEY `group_level` (`group_level`);

--
-- AUTO_INCREMENT for dumped tables
--

--
-- AUTO_INCREMENT for table `bins`
--
ALTER TABLE `bins`
  MODIFY `id` int(11) NOT NULL AUTO_INCREMENT, AUTO_INCREMENT=5;

--
-- AUTO_INCREMENT for table `categories`
--
ALTER TABLE `categories`
  MODIFY `id` int(11) UNSIGNED NOT NULL AUTO_INCREMENT, AUTO_INCREMENT=9;

--
-- AUTO_INCREMENT for table `media`
--
ALTER TABLE `media`
  MODIFY `id` int(11) UNSIGNED NOT NULL AUTO_INCREMENT;

--
-- AUTO_INCREMENT for table `products`
--
ALTER TABLE `products`
  MODIFY `id` int(11) UNSIGNED NOT NULL AUTO_INCREMENT, AUTO_INCREMENT=14;

--
-- AUTO_INCREMENT for table `routes`
--
ALTER TABLE `routes`
  MODIFY `id` int(11) NOT NULL AUTO_INCREMENT, AUTO_INCREMENT=5;

--
-- AUTO_INCREMENT for table `sales`
--
ALTER TABLE `sales`
  MODIFY `id` int(11) UNSIGNED NOT NULL AUTO_INCREMENT, AUTO_INCREMENT=9;

--
-- AUTO_INCREMENT for table `users`
--
ALTER TABLE `users`
  MODIFY `id` int(11) UNSIGNED NOT NULL AUTO_INCREMENT, AUTO_INCREMENT=6;

--
-- AUTO_INCREMENT for table `user_groups`
--
ALTER TABLE `user_groups`
  MODIFY `id` int(11) NOT NULL AUTO_INCREMENT, AUTO_INCREMENT=4;

--
-- Constraints for dumped tables
--

--
-- Constraints for table `products`
--
ALTER TABLE `products`
  ADD CONSTRAINT `FK_products` FOREIGN KEY (`categorie_id`) REFERENCES `categories` (`id`) ON DELETE CASCADE ON UPDATE CASCADE;

--
-- Constraints for table `sales`
--
ALTER TABLE `sales`
  ADD CONSTRAINT `SK` FOREIGN KEY (`product_id`) REFERENCES `products` (`id`) ON DELETE CASCADE ON UPDATE CASCADE;

--
-- Constraints for table `users`
--
ALTER TABLE `users`
  ADD CONSTRAINT `FK_user` FOREIGN KEY (`user_level`) REFERENCES `user_groups` (`group_level`) ON DELETE CASCADE ON UPDATE CASCADE;
COMMIT;

/*!40101 SET CHARACTER_SET_CLIENT=@OLD_CHARACTER_SET_CLIENT */;
/*!40101 SET CHARACTER_SET_RESULTS=@OLD_CHARACTER_SET_RESULTS */;
/*!40101 SET COLLATION_CONNECTION=@OLD_COLLATION_CONNECTION */;
